DROP TABLE IF EXISTS not_partitioned;
CREATE TABLE not_partitioned(x UInt8) ENGINE MergeTree ORDER BY x;
INSERT INTO not_partitioned VALUES (1), (2), (3);
INSERT INTO not_partitioned VALUES (4), (5);
SELECT partition, name FROM system.parts WHERE database = currentDatabase() AND table = 'not_partitioned' AND active ORDER BY name;
SELECT sum(x) FROM not_partitioned;
ALTER TABLE not_partitioned DETACH PARTITION ID 'all';
SELECT system.detached_parts.* EXCEPT (bytes_on_disk, `path`, disk, modification_time) FROM system.detached_parts WHERE database = currentDatabase() AND table = 'not_partitioned';
DROP TABLE not_partitioned;
DROP TABLE IF EXISTS partitioned_by_week;
CREATE TABLE partitioned_by_week(d Date, x UInt8) ENGINE = MergeTree PARTITION BY toMonday(d) ORDER BY x;
-- 2000-01-03 belongs to a different week than 2000-01-01 and 2000-01-02
INSERT INTO partitioned_by_week VALUES ('2000-01-01', 1), ('2000-01-02', 2), ('2000-01-03', 3);
INSERT INTO partitioned_by_week VALUES ('2000-01-03', 4), ('2000-01-03', 5);
SELECT partition, name FROM system.parts WHERE database = currentDatabase() AND table = 'partitioned_by_week' AND active ORDER BY name;
SELECT sum(x) FROM partitioned_by_week;
ALTER TABLE partitioned_by_week DROP PARTITION '1999-12-27';
DROP TABLE partitioned_by_week;
DROP TABLE IF EXISTS partitioned_by_tuple;
CREATE TABLE partitioned_by_tuple(d Date, x UInt8, y UInt8) ENGINE MergeTree ORDER BY x PARTITION BY (d, x);
INSERT INTO partitioned_by_tuple VALUES ('2000-01-01', 1, 1), ('2000-01-01', 2, 2), ('2000-01-02', 1, 3);
INSERT INTO partitioned_by_tuple VALUES ('2000-01-02', 1, 4), ('2000-01-01', 1, 5);
SELECT partition, name FROM system.parts WHERE database = currentDatabase() AND table = 'partitioned_by_tuple' AND active ORDER BY name;
SELECT sum(y) FROM partitioned_by_tuple;
ALTER TABLE partitioned_by_tuple DETACH PARTITION ID '20000101-1';
DROP TABLE partitioned_by_tuple;
DROP TABLE IF EXISTS partitioned_by_string;
CREATE TABLE partitioned_by_string(s String, x UInt8) ENGINE = MergeTree PARTITION BY s ORDER BY x;
INSERT INTO partitioned_by_string VALUES ('aaa', 1), ('aaa', 2), ('bbb', 3);
INSERT INTO partitioned_by_string VALUES ('bbb', 4), ('aaa', 5);
SELECT partition, name FROM system.parts WHERE database = currentDatabase() AND table = 'partitioned_by_string' AND active ORDER BY name;
SELECT sum(x) FROM partitioned_by_string;
ALTER TABLE partitioned_by_string DROP PARTITION 'bbb';
DROP TABLE partitioned_by_string;
DROP TABLE IF EXISTS without_fixed_size_columns;
CREATE TABLE without_fixed_size_columns(s String) ENGINE MergeTree PARTITION BY length(s) ORDER BY s;
INSERT INTO without_fixed_size_columns VALUES ('a'), ('aa'), ('b'), ('cc');
SELECT partition, name, rows FROM system.parts WHERE database = currentDatabase() AND table = 'without_fixed_size_columns' AND active ORDER BY name;
SELECT * FROM without_fixed_size_columns ORDER BY s;
ALTER TABLE without_fixed_size_columns DROP PARTITION 1;
DROP TABLE without_fixed_size_columns;
